timestamp,file_id,treatment_type,google_doc_id,google_doc_url,google_doc_status,google_doc_filename,status,response_status,response_data,full_name,email,phone,first_name,last_name,gender,country,geographic_cluster,job_posting_id,job_title,job_description,likely_home_country,match_score,location,date_posted,error_message
2025-08-23T23:40:17.900003,ITC resume 20.pdf,control,1mM5sq-DnOlQRnnv9ZhOTTek5yKp4A8zNrPTemPJSJBg,https://docs.google.com/document/d/1mM5sq-DnOlQRnnv9ZhOTTek5yKp4A8zNrPTemPJSJBg,200,ITC resume 20.pdf_control,success,200,"{""documentID"": ""1mM5sq-DnOlQRnnv9ZhOTTek5yKp4A8zNrPTemPJSJBg"", ""file_url"": ""https://docs.google.com/document/d/1mM5sq-DnOlQRnnv9ZhOTTek5yKp4A8zNrPTemPJSJBg"", ""status"": 200, ""fileName"": ""ITC resume 20.pdf_control""}",Amit Patel,patel.xx@gmail.com,+1 (416) 111-0001,Amit,Patel,Male,India,South Asia,689d5acce78d625301071376,Database Developer (Software Developer),Job Description\nDatabase Developer\nThis is a remote working as part of Fidelity’s dynamic working arrangement.*Current work authorization for Canada is required for all openings.*\nWhat You Will Do\...,India,90,"Toronto, ON, CA",2025-08-13,
2025-08-23T23:40:54.374821,ITC resume 20.pdf,Type_I,1MQcZpAFTT0qA4m2ZSoncv1ytlhdPEQjPi52fNyZIZeQ,https://docs.google.com/document/d/1MQcZpAFTT0qA4m2ZSoncv1ytlhdPEQjPi52fNyZIZeQ,200,ITC resume 20_Type_I,success,200,"{""documentID"": ""1MQcZpAFTT0qA4m2ZSoncv1ytlhdPEQjPi52fNyZIZeQ"", ""file_url"": ""https://docs.google.com/document/d/1MQcZpAFTT0qA4m2ZSoncv1ytlhdPEQjPi52fNyZIZeQ"", ""status"": 200, ""fileName"": ""ITC resume 20_Type_I""}",Kavya Singh,singh.xx@gmail.com,+1 (416) 222-0002,Kavya,Singh,Female,India,South Asia,689d5acce78d625301071376,Database Developer (Software Developer),Job Description\nDatabase Developer\nThis is a remote working as part of Fidelity’s dynamic working arrangement.*Current work authorization for Canada is required for all openings.*\nWhat You Will Do\...,India,90,"Toronto, ON, CA",2025-08-13,
2025-08-23T23:41:22.160314,ITC resume 20.pdf,Type_II,1Lnj1748MSiaJxECIdvkBuxlfgK4TAD0-NphsgL4CFJc,https://docs.google.com/document/d/1Lnj1748MSiaJxECIdvkBuxlfgK4TAD0-NphsgL4CFJc,200,ITC resume 20_Type_II,success,200,"{""documentID"": ""1Lnj1748MSiaJxECIdvkBuxlfgK4TAD0-NphsgL4CFJc"", ""file_url"": ""https://docs.google.com/document/d/1Lnj1748MSiaJxECIdvkBuxlfgK4TAD0-NphsgL4CFJc"", ""status"": 200, ""fileName"": ""ITC resume 20_Type_II""}",Sunil Kumar,kumar.xx@gmail.com,+1 (647) 333-0003,Sunil,Kumar,Male,India,South Asia,689d5acce78d625301071376,Database Developer (Software Developer),Job Description\nDatabase Developer\nThis is a remote working as part of Fidelity’s dynamic working arrangement.*Current work authorization for Canada is required for all openings.*\nWhat You Will Do\...,India,90,"Toronto, ON, CA",2025-08-13,
2025-08-23T23:41:48.183573,ITC resume 20.pdf,Type_III,1vzYwRnVXmSOLiXACEykKLLgP8umPhG8AMLR40ytV_uo,https://docs.google.com/document/d/1vzYwRnVXmSOLiXACEykKLLgP8umPhG8AMLR40ytV_uo,200,ITC resume 20_Type_III,success,200,"{""documentID"": ""1vzYwRnVXmSOLiXACEykKLLgP8umPhG8AMLR40ytV_uo"", ""file_url"": ""https://docs.google.com/document/d/1vzYwRnVXmSOLiXACEykKLLgP8umPhG8AMLR40ytV_uo"", ""status"": 200, ""fileName"": ""ITC resume 20_Type_III""}",Mohan Khan,khan.xx@gmail.com,+1 (647) 444-0004,Mohan,Khan,Male,India,South Asia,689d5acce78d625301071376,Database Developer (Software Developer),Job Description\nDatabase Developer\nThis is a remote working as part of Fidelity’s dynamic working arrangement.*Current work authorization for Canada is required for all openings.*\nWhat You Will Do\...,India,90,"Toronto, ON, CA",2025-08-13,
2025-08-23T23:42:23.244079,ITC resume 14.pdf,control,1xMZxyYBqBZWRpZ_macdJkvNmpuaJsmlwcAVBjC7ApsU,https://docs.google.com/document/d/1xMZxyYBqBZWRpZ_macdJkvNmpuaJsmlwcAVBjC7ApsU,200,ITC resume 14.pdf_control,success,200,"{""documentID"": ""1xMZxyYBqBZWRpZ_macdJkvNmpuaJsmlwcAVBjC7ApsU"", ""file_url"": ""https://docs.google.com/document/d/1xMZxyYBqBZWRpZ_macdJkvNmpuaJsmlwcAVBjC7ApsU"", ""status"": 200, ""fileName"": ""ITC resume 14.pdf_control""}",Zara Hassan,hassan.xx@gmail.com,+1 (416) 121-0009,Zara,Hassan,Female,Saudi Arabia,Middle East & North Africa,689d5acce78d62530107137b,"Application Developer, D365 Finance & Operations","Sporting Life Group is a proudly Canadian family of retail banners, Sporting Life, Golf Town, and Team Town Sports, united by a shared passion for sport and active living.\n  \nFrom individual pursuit...",Saudi Arabia,75,"Vaughan, ON, CA",2025-08-13,
2025-08-23T23:43:02.763763,ITC resume 14.pdf,Type_I,1Oc_L91n6QMcScH96bYu67D1h2hTmNYiUSZDXVtS-r6U,https://docs.google.com/document/d/1Oc_L91n6QMcScH96bYu67D1h2hTmNYiUSZDXVtS-r6U,200,ITC resume 14_Type_I,success,200,"{""documentID"": ""1Oc_L91n6QMcScH96bYu67D1h2hTmNYiUSZDXVtS-r6U"", ""file_url"": ""https://docs.google.com/document/d/1Oc_L91n6QMcScH96bYu67D1h2hTmNYiUSZDXVtS-r6U"", ""status"": 200, ""fileName"": ""ITC resume 14_Type_I""}",Fatima Rahman,rahman.xx@gmail.com,+1 (416) 121-0013,Fatima,Rahman,Female,Saudi Arabia,Middle East & North Africa,689d5acce78d62530107137b,"Application Developer, D365 Finance & Operations","Sporting Life Group is a proudly Canadian family of retail banners, Sporting Life, Golf Town, and Team Town Sports, united by a shared passion for sport and active living.\n  \nFrom individual pursuit...",Saudi Arabia,75,"Vaughan, ON, CA",2025-08-13,
2025-08-23T23:43:48.041742,ITC resume 14.pdf,Type_II,1prEDV-JhKxij1mLF75iQfXQc0VFnByztMIzOy_VVM9I,https://docs.google.com/document/d/1prEDV-JhKxij1mLF75iQfXQc0VFnByztMIzOy_VVM9I,200,ITC resume 14_Type_II,success,200,"{""documentID"": ""1prEDV-JhKxij1mLF75iQfXQc0VFnByztMIzOy_VVM9I"", ""file_url"": ""https://docs.google.com/document/d/1prEDV-JhKxij1mLF75iQfXQc0VFnByztMIzOy_VVM9I"", ""status"": 200, ""fileName"": ""ITC resume 14_Type_II""}",Aleena Karimi,karimi.xx@gmail.com,+1 (647) 121-0014,Aleena,Karimi,Female,Saudi Arabia,Middle East & North Africa,689d5acce78d62530107137b,"Application Developer, D365 Finance & Operations","Sporting Life Group is a proudly Canadian family of retail banners, Sporting Life, Golf Town, and Team Town Sports, united by a shared passion for sport and active living.\n  \nFrom individual pursuit...",Saudi Arabia,75,"Vaughan, ON, CA",2025-08-13,
2025-08-23T23:44:17.949255,ITC resume 14.pdf,Type_III,1gBIHZLGZod5-cRFdraUyiRskfS9Jseon2i80ZC2R48w,https://docs.google.com/document/d/1gBIHZLGZod5-cRFdraUyiRskfS9Jseon2i80ZC2R48w,200,ITC resume 14_Type_III,success,200,"{""documentID"": ""1gBIHZLGZod5-cRFdraUyiRskfS9Jseon2i80ZC2R48w"", ""file_url"": ""https://docs.google.com/document/d/1gBIHZLGZod5-cRFdraUyiRskfS9Jseon2i80ZC2R48w"", ""status"": 200, ""fileName"": ""ITC resume 14_Type_III""}",Hamza Mohamed,mohamed.xx@gmail.com,+1 (647) 121-0015,Hamza,Mohamed,Male,Saudi Arabia,Middle East & North Africa,689d5acce78d62530107137b,"Application Developer, D365 Finance & Operations","Sporting Life Group is a proudly Canadian family of retail banners, Sporting Life, Golf Town, and Team Town Sports, united by a shared passion for sport and active living.\n  \nFrom individual pursuit...",Saudi Arabia,75,"Vaughan, ON, CA",2025-08-13,
2025-08-23T23:44:46.121958,ITC resume 18.pdf,control,1TOyHwAsA4B1vmJbGefDW6ccol4scc526l_wYE19WgUw,https://docs.google.com/document/d/1TOyHwAsA4B1vmJbGefDW6ccol4scc526l_wYE19WgUw,200,ITC resume 18.pdf_control,success,200,"{""documentID"": ""1TOyHwAsA4B1vmJbGefDW6ccol4scc526l_wYE19WgUw"", ""file_url"": ""https://docs.google.com/document/d/1TOyHwAsA4B1vmJbGefDW6ccol4scc526l_wYE19WgUw"", ""status"": 200, ""fileName"": ""ITC resume 18.pdf_control""}",Louise Adebayo,adebayo.xx@gmail.com,+1 (416) 555-0005,Louise,Adebayo,Female,Eritrea,Sub-Saharan Africa,689d5acce78d62530107137c,Backend Developer (Python),"**Please note before applying:**  \n\n* We’re looking for individuals with hands\-on startup and SaaS experience who thrive in fast\-paced, product\-driven environments.\n* Applicants whose experience...",Eritrea,92,"Toronto, ON, CA",2025-08-13,
2025-08-23T23:45:14.913050,ITC resume 18.pdf,Type_I,1sKeJxTdNBgJ_yxhe0LB-sfFy96VlnyyYelYq6Stt8sU,https://docs.google.com/document/d/1sKeJxTdNBgJ_yxhe0LB-sfFy96VlnyyYelYq6Stt8sU,200,ITC resume 18_Type_I,success,200,"{""documentID"": ""1sKeJxTdNBgJ_yxhe0LB-sfFy96VlnyyYelYq6Stt8sU"", ""file_url"": ""https://docs.google.com/document/d/1sKeJxTdNBgJ_yxhe0LB-sfFy96VlnyyYelYq6Stt8sU"", ""status"": 200, ""fileName"": ""ITC resume 18_Type_I""}",Amara Okoro,okoro.xx@gmail.com,+1 (416) 666-0006,Amara,Okoro,Female,Eritrea,Sub-Saharan Africa,689d5acce78d62530107137c,Backend Developer (Python),"**Please note before applying:**  \n\n* We’re looking for individuals with hands\-on startup and SaaS experience who thrive in fast\-paced, product\-driven environments.\n* Applicants whose experience...",Eritrea,92,"Toronto, ON, CA",2025-08-13,
2025-08-23T23:45:39.499123,ITC resume 18.pdf,Type_II,1hW6JT-jfl-RxjhSYcK3zNRPgx1hs5K8IItJb172INRU,https://docs.google.com/document/d/1hW6JT-jfl-RxjhSYcK3zNRPgx1hs5K8IItJb172INRU,200,ITC resume 18_Type_II,success,200,"{""documentID"": ""1hW6JT-jfl-RxjhSYcK3zNRPgx1hs5K8IItJb172INRU"", ""file_url"": ""https://docs.google.com/document/d/1hW6JT-jfl-RxjhSYcK3zNRPgx1hs5K8IItJb172INRU"", ""status"": 200, ""fileName"": ""ITC resume 18_Type_II""}",Michael Traoré,traore.xx@gmail.com,+1 (647) 777-0007,Michael,Traoré,Male,Eritrea,Sub-Saharan Africa,689d5acce78d62530107137c,Backend Developer (Python),"**Please note before applying:**  \n\n* We’re looking for individuals with hands\-on startup and SaaS experience who thrive in fast\-paced, product\-driven environments.\n* Applicants whose experience...",Eritrea,92,"Toronto, ON, CA",2025-08-13,
2025-08-23T23:46:12.215765,ITC resume 18.pdf,Type_III,1kmJje1wGsDkE2zeggQ2jKMDLltawLezq5oxbZsTjUn8,https://docs.google.com/document/d/1kmJje1wGsDkE2zeggQ2jKMDLltawLezq5oxbZsTjUn8,200,ITC resume 18_Type_III,success,200,"{""documentID"": ""1kmJje1wGsDkE2zeggQ2jKMDLltawLezq5oxbZsTjUn8"", ""file_url"": ""https://docs.google.com/document/d/1kmJje1wGsDkE2zeggQ2jKMDLltawLezq5oxbZsTjUn8"", ""status"": 200, ""fileName"": ""ITC resume 18_Type_III""}",Michael Mensah,mensah.xx@gmail.com,+1 (647) 888-0008,Michael,Mensah,Male,Eritrea,Sub-Saharan Africa,689d5acce78d62530107137c,Backend Developer (Python),"**Please note before applying:**  \n\n* We’re looking for individuals with hands\-on startup and SaaS experience who thrive in fast\-paced, product\-driven environments.\n* Applicants whose experience...",Eritrea,92,"Toronto, ON, CA",2025-08-13,
2025-08-23T23:46:33.632336,ITC resume 09.pdf,control,1aPZKwHfAm1aJO-0iIo9ckRvI6PBGDywK0RfvReOzWF4,https://docs.google.com/document/d/1aPZKwHfAm1aJO-0iIo9ckRvI6PBGDywK0RfvReOzWF4,200,ITC resume 09.pdf_control,success,200,"{""documentID"": ""1aPZKwHfAm1aJO-0iIo9ckRvI6PBGDywK0RfvReOzWF4"", ""file_url"": ""https://docs.google.com/document/d/1aPZKwHfAm1aJO-0iIo9ckRvI6PBGDywK0RfvReOzWF4"", ""status"": 200, ""fileName"": ""ITC resume 09.pdf_control""}",Isha Patel,patel.xx@gmail.com,+1 (416) 111-0001,Isha,Patel,Female,Pakistan,South Asia,689d5acce78d625301071389,"QA Automation Developer– Java, Selenium, Salesforce","**Role Description:**\n\n* Java, Selenium, Cucumber with good experience is developing automation framework and automating API and UI testing.\n* Good to have experience in automating Salesforce appli...",Pakistan,92,"Toronto, ON, CA",2025-08-13,
2025-08-23T23:47:05.632031,ITC resume 09.pdf,Type_I,1Gub4ySQVrawGQJ9AxZEHvUS3pGAQMcE8s9Yxb6MtC5E,https://docs.google.com/document/d/1Gub4ySQVrawGQJ9AxZEHvUS3pGAQMcE8s9Yxb6MtC5E,200,ITC resume 09_Type_I,success,200,"{""documentID"": ""1Gub4ySQVrawGQJ9AxZEHvUS3pGAQMcE8s9Yxb6MtC5E"", ""file_url"": ""https://docs.google.com/document/d/1Gub4ySQVrawGQJ9AxZEHvUS3pGAQMcE8s9Yxb6MtC5E"", ""status"": 200, ""fileName"": ""ITC resume 09_Type_I""}",Vihaan Singh,singh.xx@gmail.com,+1 (416) 222-0002,Vihaan,Singh,Male,Pakistan,South Asia,689d5acce78d625301071389,"QA Automation Developer– Java, Selenium, Salesforce","**Role Description:**\n\n* Java, Selenium, Cucumber with good experience is developing automation framework and automating API and UI testing.\n* Good to have experience in automating Salesforce appli...",Pakistan,92,"Toronto, ON, CA",2025-08-13,
2025-08-23T23:47:29.756087,ITC resume 09.pdf,Type_II,1W_Nk8V4Ei9G7cw-fRsHAY-dqAr77PVsCH_FdEMmK77g,https://docs.google.com/document/d/1W_Nk8V4Ei9G7cw-fRsHAY-dqAr77PVsCH_FdEMmK77g,200,ITC resume 09_Type_II,success,200,"{""documentID"": ""1W_Nk8V4Ei9G7cw-fRsHAY-dqAr77PVsCH_FdEMmK77g"", ""file_url"": ""https://docs.google.com/document/d/1W_Nk8V4Ei9G7cw-fRsHAY-dqAr77PVsCH_FdEMmK77g"", ""status"": 200, ""fileName"": ""ITC resume 09_Type_II""}",Aisha Kumar,kumar.xx@gmail.com,+1 (647) 333-0003,Aisha,Kumar,Female,Pakistan,South Asia,689d5acce78d625301071389,"QA Automation Developer– Java, Selenium, Salesforce","**Role Description:**\n\n* Java, Selenium, Cucumber with good experience is developing automation framework and automating API and UI testing.\n* Good to have experience in automating Salesforce appli...",Pakistan,92,"Toronto, ON, CA",2025-08-13,
2025-08-23T23:48:00.362573,ITC resume 09.pdf,Type_III,139_r38eK3VueWqDlYK_UxOP_ycshcEj9z3zre168U9s,https://docs.google.com/document/d/139_r38eK3VueWqDlYK_UxOP_ycshcEj9z3zre168U9s,200,ITC resume 09_Type_III,success,200,"{""documentID"": ""139_r38eK3VueWqDlYK_UxOP_ycshcEj9z3zre168U9s"", ""file_url"": ""https://docs.google.com/document/d/139_r38eK3VueWqDlYK_UxOP_ycshcEj9z3zre168U9s"", ""status"": 200, ""fileName"": ""ITC resume 09_Type_III""}",Fatima Khan,khan.xx@gmail.com,+1 (647) 444-0004,Fatima,Khan,Female,Pakistan,South Asia,689d5acce78d625301071389,"QA Automation Developer– Java, Selenium, Salesforce","**Role Description:**\n\n* Java, Selenium, Cucumber with good experience is developing automation framework and automating API and UI testing.\n* Good to have experience in automating Salesforce appli...",Pakistan,92,"Toronto, ON, CA",2025-08-13,
2025-08-23T23:48:34.377352,ITC resume 07.pdf,control,1lCLpjcbSqBVp6grrAoByasQFUM9wNKzWLsK-t5zCEus,https://docs.google.com/document/d/1lCLpjcbSqBVp6grrAoByasQFUM9wNKzWLsK-t5zCEus,200,ITC resume 07.pdf_control,success,200,"{""documentID"": ""1lCLpjcbSqBVp6grrAoByasQFUM9wNKzWLsK-t5zCEus"", ""file_url"": ""https://docs.google.com/document/d/1lCLpjcbSqBVp6grrAoByasQFUM9wNKzWLsK-t5zCEus"", ""status"": 200, ""fileName"": ""ITC resume 07.pdf_control""}",Naeem Hassan,hassan.xx@gmail.com,+1 (416) 121-0009,Naeem,Hassan,Male,Turkey,Middle East & North Africa,689d5acce78d625301071385,RQ09629/RQ09640 - Software Developer - Senior,**Skills and Knowledge:**\n\n* ASP.NET Programming – all supported versions\n* .NET Framework \- all supported versions C \#.Net VB.NET SQL XML Visual Studio \- all supported versions\n* MS Web Servic...,Turkey,95,"Toronto, ON, CA",2025-08-13,
2025-08-23T23:49:13.070751,ITC resume 07.pdf,Type_I,1SMzdORNmijHDxWlHArXZ9anlV3-xgRxkFo-DuNiLyfA,https://docs.google.com/document/d/1SMzdORNmijHDxWlHArXZ9anlV3-xgRxkFo-DuNiLyfA,200,ITC resume 07_Type_I,success,200,"{""documentID"": ""1SMzdORNmijHDxWlHArXZ9anlV3-xgRxkFo-DuNiLyfA"", ""file_url"": ""https://docs.google.com/document/d/1SMzdORNmijHDxWlHArXZ9anlV3-xgRxkFo-DuNiLyfA"", ""status"": 200, ""fileName"": ""ITC resume 07_Type_I""}",Leila Rahman,rahman.xx@gmail.com,+1 (416) 121-0013,Leila,Rahman,Female,Turkey,Middle East & North Africa,689d5acce78d625301071385,RQ09629/RQ09640 - Software Developer - Senior,**Skills and Knowledge:**\n\n* ASP.NET Programming – all supported versions\n* .NET Framework \- all supported versions C \#.Net VB.NET SQL XML Visual Studio \- all supported versions\n* MS Web Servic...,Turkey,95,"Toronto, ON, CA",2025-08-13,
2025-08-23T23:49:47.377045,ITC resume 07.pdf,Type_II,1iLh_hrO4YpNoEMycJJklxP2MZPu_WdyD0h6soNGmvnQ,https://docs.google.com/document/d/1iLh_hrO4YpNoEMycJJklxP2MZPu_WdyD0h6soNGmvnQ,200,ITC resume 07_Type_II,success,200,"{""documentID"": ""1iLh_hrO4YpNoEMycJJklxP2MZPu_WdyD0h6soNGmvnQ"", ""file_url"": ""https://docs.google.com/document/d/1iLh_hrO4YpNoEMycJJklxP2MZPu_WdyD0h6soNGmvnQ"", ""status"": 200, ""fileName"": ""ITC resume 07_Type_II""}",Farid Karimi,karimi.xx@gmail.com,+1 (647) 121-0014,Farid,Karimi,Male,Turkey,Middle East & North Africa,689d5acce78d625301071385,RQ09629/RQ09640 - Software Developer - Senior,**Skills and Knowledge:**\n\n* ASP.NET Programming – all supported versions\n* .NET Framework \- all supported versions C \#.Net VB.NET SQL XML Visual Studio \- all supported versions\n* MS Web Servic...,Turkey,95,"Toronto, ON, CA",2025-08-13,
2025-08-23T23:50:21.917391,ITC resume 07.pdf,Type_III,1YVKa7KhQIZDUXj73TI6V0JbD7FuXkswcoiSGjGOay9s,https://docs.google.com/document/d/1YVKa7KhQIZDUXj73TI6V0JbD7FuXkswcoiSGjGOay9s,200,ITC resume 07_Type_III,success,200,"{""documentID"": ""1YVKa7KhQIZDUXj73TI6V0JbD7FuXkswcoiSGjGOay9s"", ""file_url"": ""https://docs.google.com/document/d/1YVKa7KhQIZDUXj73TI6V0JbD7FuXkswcoiSGjGOay9s"", ""status"": 200, ""fileName"": ""ITC resume 07_Type_III""}",Amir Mohamed,mohamed.xx@gmail.com,+1 (647) 121-0015,Amir,Mohamed,Male,Turkey,Middle East & North Africa,689d5acce78d625301071385,RQ09629/RQ09640 - Software Developer - Senior,**Skills and Knowledge:**\n\n* ASP.NET Programming – all supported versions\n* .NET Framework \- all supported versions C \#.Net VB.NET SQL XML Visual Studio \- all supported versions\n* MS Web Servic...,Turkey,95,"Toronto, ON, CA",2025-08-13,
2025-08-23T23:50:49.178265,ITC resume 08.pdf,control,1ZcMU54-NRe2dQMY8DYQmg1izu8VOxRu1b0zwfpL44eo,https://docs.google.com/document/d/1ZcMU54-NRe2dQMY8DYQmg1izu8VOxRu1b0zwfpL44eo,200,ITC resume 08.pdf_control,success,200,"{""documentID"": ""1ZcMU54-NRe2dQMY8DYQmg1izu8VOxRu1b0zwfpL44eo"", ""file_url"": ""https://docs.google.com/document/d/1ZcMU54-NRe2dQMY8DYQmg1izu8VOxRu1b0zwfpL44eo"", ""status"": 200, ""fileName"": ""ITC resume 08.pdf_control""}",Sekou Adebayo,adebayo.xx@gmail.com,+1 (416) 555-0005,Sekou,Adebayo,Male,Mauritius,Sub-Saharan Africa,689d5acce78d625301071398,Software Developer 3 - React Native,"**Company Description**  \n\nAbout Us: SSENSE (pronounced \[es\-*uh*ns]) is a global technology platform operating at the intersection of culture, community, and commerce. Headquartered in Montreal, i...",Mauritius,85,"Toronto, ON, CA",2025-08-13,
2025-08-23T23:51:21.763076,ITC resume 08.pdf,Type_I,1db4-af6ipaeb5oD-4HPyHTwqxcn9NQPA5nXvRNKV2Qc,https://docs.google.com/document/d/1db4-af6ipaeb5oD-4HPyHTwqxcn9NQPA5nXvRNKV2Qc,200,ITC resume 08_Type_I,success,200,"{""documentID"": ""1db4-af6ipaeb5oD-4HPyHTwqxcn9NQPA5nXvRNKV2Qc"", ""file_url"": ""https://docs.google.com/document/d/1db4-af6ipaeb5oD-4HPyHTwqxcn9NQPA5nXvRNKV2Qc"", ""status"": 200, ""fileName"": ""ITC resume 08_Type_I""}",Léo Okoro,okoro.xx@gmail.com,+1 (416) 666-0006,Léo,Okoro,Male,Mauritius,Sub-Saharan Africa,689d5acce78d625301071398,Software Developer 3 - React Native,"**Company Description**  \n\nAbout Us: SSENSE (pronounced \[es\-*uh*ns]) is a global technology platform operating at the intersection of culture, community, and commerce. Headquartered in Montreal, i...",Mauritius,85,"Toronto, ON, CA",2025-08-13,
2025-08-23T23:51:56.774075,ITC resume 08.pdf,Type_II,13TTz69NUlG0_tfJdYTgChtuT27dqtFom43daeDvEDgU,https://docs.google.com/document/d/13TTz69NUlG0_tfJdYTgChtuT27dqtFom43daeDvEDgU,200,ITC resume 08_Type_II,success,200,"{""documentID"": ""13TTz69NUlG0_tfJdYTgChtuT27dqtFom43daeDvEDgU"", ""file_url"": ""https://docs.google.com/document/d/13TTz69NUlG0_tfJdYTgChtuT27dqtFom43daeDvEDgU"", ""status"": 200, ""fileName"": ""ITC resume 08_Type_II""}",Adama Traoré,traore.xx@gmail.com,+1 (647) 777-0007,Adama,Traoré,Female,Mauritius,Sub-Saharan Africa,689d5acce78d625301071398,Software Developer 3 - React Native,"**Company Description**  \n\nAbout Us: SSENSE (pronounced \[es\-*uh*ns]) is a global technology platform operating at the intersection of culture, community, and commerce. Headquartered in Montreal, i...",Mauritius,85,"Toronto, ON, CA",2025-08-13,
2025-08-23T23:52:34.104949,ITC resume 08.pdf,Type_III,1gR-gbCKkyQls9TBnr3mZUeZkm8ugRz-czQcCOXDCmWU,https://docs.google.com/document/d/1gR-gbCKkyQls9TBnr3mZUeZkm8ugRz-czQcCOXDCmWU,200,ITC resume 08_Type_III,success,200,"{""documentID"": ""1gR-gbCKkyQls9TBnr3mZUeZkm8ugRz-czQcCOXDCmWU"", ""file_url"": ""https://docs.google.com/document/d/1gR-gbCKkyQls9TBnr3mZUeZkm8ugRz-czQcCOXDCmWU"", ""status"": 200, ""fileName"": ""ITC resume 08_Type_III""}",Akosua Mensah,mensah.xx@gmail.com,+1 (647) 888-0008,Akosua,Mensah,Female,Mauritius,Sub-Saharan Africa,689d5acce78d625301071398,Software Developer 3 - React Native,"**Company Description**  \n\nAbout Us: SSENSE (pronounced \[es\-*uh*ns]) is a global technology platform operating at the intersection of culture, community, and commerce. Headquartered in Montreal, i...",Mauritius,85,"Toronto, ON, CA",2025-08-13,
2025-08-23T23:52:39.357736,ITC resume 16.pdf,control,,,,,error,,,Test User,test@example.com,123-456-7890,Test,User,Unknown,USA,Unknown,689d5acce78d6253010713a1,"Ingénieur en Machine Learning/Machine Learning Engineer, ProServe Shared Delivery Team - Data & AI",**DESCRIPTION**\n---------------\n\n\nÊtes\-vous enthousiaste à l’idée de créer des solutions logicielles autour de grands systèmes complexes d’apprentissage automatique (AA) et d’intelligence artific...,USA,78,"Toronto, ON, CA",2025-06-17,Expecting value: line 1 column 1 (char 0)
2025-08-23T23:52:44.569789,ITC resume 16.pdf,Type_I,,,,,error,,,Test User,test@example.com,123-456-7890,Test,User,Unknown,USA,Unknown,689d5acce78d6253010713a1,"Ingénieur en Machine Learning/Machine Learning Engineer, ProServe Shared Delivery Team - Data & AI",**DESCRIPTION**\n---------------\n\n\nÊtes\-vous enthousiaste à l’idée de créer des solutions logicielles autour de grands systèmes complexes d’apprentissage automatique (AA) et d’intelligence artific...,USA,78,"Toronto, ON, CA",2025-06-17,Expecting value: line 1 column 1 (char 0)
2025-08-23T23:52:49.760084,ITC resume 16.pdf,Type_II,,,,,error,,,Test User,test@example.com,123-456-7890,Test,User,Unknown,USA,Unknown,689d5acce78d6253010713a1,"Ingénieur en Machine Learning/Machine Learning Engineer, ProServe Shared Delivery Team - Data & AI",**DESCRIPTION**\n---------------\n\n\nÊtes\-vous enthousiaste à l’idée de créer des solutions logicielles autour de grands systèmes complexes d’apprentissage automatique (AA) et d’intelligence artific...,USA,78,"Toronto, ON, CA",2025-06-17,Expecting value: line 1 column 1 (char 0)
2025-08-23T23:52:54.677823,ITC resume 16.pdf,Type_III,,,,,error,,,Test User,test@example.com,123-456-7890,Test,User,Unknown,USA,Unknown,689d5acce78d6253010713a1,"Ingénieur en Machine Learning/Machine Learning Engineer, ProServe Shared Delivery Team - Data & AI",**DESCRIPTION**\n---------------\n\n\nÊtes\-vous enthousiaste à l’idée de créer des solutions logicielles autour de grands systèmes complexes d’apprentissage automatique (AA) et d’intelligence artific...,USA,78,"Toronto, ON, CA",2025-06-17,Expecting value: line 1 column 1 (char 0)
2025-08-23T23:53:39.533649,ITC resume 01.pdf,control,1nxt2b81g0TbONXE_Ty43AYeAprz1BOTsfuLfCADu1N4,https://docs.google.com/document/d/1nxt2b81g0TbONXE_Ty43AYeAprz1BOTsfuLfCADu1N4,200,ITC resume 01.pdf_control,success,200,"{""documentID"": ""1nxt2b81g0TbONXE_Ty43AYeAprz1BOTsfuLfCADu1N4"", ""file_url"": ""https://docs.google.com/document/d/1nxt2b81g0TbONXE_Ty43AYeAprz1BOTsfuLfCADu1N4"", ""status"": 200, ""fileName"": ""ITC resume 01.pdf_control""}",Hamza Hassan,hassan.xx@gmail.com,+1 (416) 121-0009,Hamza,Hassan,Male,Lebanon,Middle East & North Africa,689d5acce78d6253010713b3,Senior UI/UX Developer for SAAS Platform and Websites,"Senior UI/UX Developer**Location:** Vancouver, BC (Hybrid – minimum 3 days/week in office)  \n**Employment Type:** Full\-Time\n\n**About TSB Communications**\n\nTSB Communications is a multidisciplina...",Lebanon,80,"Vancouver, BC, CA",2025-08-13,
2025-08-23T23:54:13.860726,ITC resume 01.pdf,Type_I,1L5hsN5cq59PYIcCS-ELpZ4gqkPndgxjfmo6sx36wv0c,https://docs.google.com/document/d/1L5hsN5cq59PYIcCS-ELpZ4gqkPndgxjfmo6sx36wv0c,200,ITC resume 01_Type_I,success,200,"{""documentID"": ""1L5hsN5cq59PYIcCS-ELpZ4gqkPndgxjfmo6sx36wv0c"", ""file_url"": ""https://docs.google.com/document/d/1L5hsN5cq59PYIcCS-ELpZ4gqkPndgxjfmo6sx36wv0c"", ""status"": 200, ""fileName"": ""ITC resume 01_Type_I""}",Ali Rahman,rahman.xx@gmail.com,+1 (416) 121-0013,Ali,Rahman,Male,Lebanon,Middle East & North Africa,689d5acce78d6253010713b3,Senior UI/UX Developer for SAAS Platform and Websites,"Senior UI/UX Developer**Location:** Vancouver, BC (Hybrid – minimum 3 days/week in office)  \n**Employment Type:** Full\-Time\n\n**About TSB Communications**\n\nTSB Communications is a multidisciplina...",Lebanon,80,"Vancouver, BC, CA",2025-08-13,
2025-08-23T23:54:48.528294,ITC resume 01.pdf,Type_II,1IGqATJgGX784bKFlxwCntOu18xkrpMFHHiQ2xNCk3jo,https://docs.google.com/document/d/1IGqATJgGX784bKFlxwCntOu18xkrpMFHHiQ2xNCk3jo,200,ITC resume 01_Type_II,success,200,"{""documentID"": ""1IGqATJgGX784bKFlxwCntOu18xkrpMFHHiQ2xNCk3jo"", ""file_url"": ""https://docs.google.com/document/d/1IGqATJgGX784bKFlxwCntOu18xkrpMFHHiQ2xNCk3jo"", ""status"": 200, ""fileName"": ""ITC resume 01_Type_II""}",Farid Karimi,karimi.xx@gmail.com,+1 (647) 121-0014,Farid,Karimi,Male,Lebanon,Middle East & North Africa,689d5acce78d6253010713b3,Senior UI/UX Developer for SAAS Platform and Websites,"Senior UI/UX Developer**Location:** Vancouver, BC (Hybrid – minimum 3 days/week in office)  \n**Employment Type:** Full\-Time\n\n**About TSB Communications**\n\nTSB Communications is a multidisciplina...",Lebanon,80,"Vancouver, BC, CA",2025-08-13,
2025-08-23T23:55:35.872374,ITC resume 01.pdf,Type_III,1baY0NNl7FNqN7FpJ6e_FDAkfEBs9t3zgyfOJ1J_9H80,https://docs.google.com/document/d/1baY0NNl7FNqN7FpJ6e_FDAkfEBs9t3zgyfOJ1J_9H80,200,ITC resume 01_Type_III,success,200,"{""documentID"": ""1baY0NNl7FNqN7FpJ6e_FDAkfEBs9t3zgyfOJ1J_9H80"", ""file_url"": ""https://docs.google.com/document/d/1baY0NNl7FNqN7FpJ6e_FDAkfEBs9t3zgyfOJ1J_9H80"", ""status"": 200, ""fileName"": ""ITC resume 01_Type_III""}",Zain Mohamed,mohamed.xx@gmail.com,+1 (647) 121-0015,Zain,Mohamed,Male,Lebanon,Middle East & North Africa,689d5acce78d6253010713b3,Senior UI/UX Developer for SAAS Platform and Websites,"Senior UI/UX Developer**Location:** Vancouver, BC (Hybrid – minimum 3 days/week in office)  \n**Employment Type:** Full\-Time\n\n**About TSB Communications**\n\nTSB Communications is a multidisciplina...",Lebanon,80,"Vancouver, BC, CA",2025-08-13,
2025-08-23T23:56:07.007050,ITC resume 17.pdf,control,1pUQjDiBKx3MUUwCSKuAiTqv0h97DDpXlFlsPf3lVsWU,https://docs.google.com/document/d/1pUQjDiBKx3MUUwCSKuAiTqv0h97DDpXlFlsPf3lVsWU,200,ITC resume 17.pdf_control,success,200,"{""documentID"": ""1pUQjDiBKx3MUUwCSKuAiTqv0h97DDpXlFlsPf3lVsWU"", ""file_url"": ""https://docs.google.com/document/d/1pUQjDiBKx3MUUwCSKuAiTqv0h97DDpXlFlsPf3lVsWU"", ""status"": 200, ""fileName"": ""ITC resume 17.pdf_control""}",Suresh Patel,patel.xx@gmail.com,+1 (416) 111-0001,Suresh,Patel,Male,India,South Asia,689d5acce78d62530107140a,Systems Analyst,"**The Opportunity:**\n\nMake your mark while you grow your career! Canadian Natural boasts one of the largest in\-house Information Systems (IS) departments in Calgary. Supporting over 10,000 staff gl...",India,78,"Calgary, AB, CA",2025-08-12,
2025-08-23T23:56:41.353607,ITC resume 17.pdf,Type_I,1fK-km1bpLNuBFsZgU8deb-1yOxQ730GXW3RGFjGE1wo,https://docs.google.com/document/d/1fK-km1bpLNuBFsZgU8deb-1yOxQ730GXW3RGFjGE1wo,200,ITC resume 17_Type_I,success,200,"{""documentID"": ""1fK-km1bpLNuBFsZgU8deb-1yOxQ730GXW3RGFjGE1wo"", ""file_url"": ""https://docs.google.com/document/d/1fK-km1bpLNuBFsZgU8deb-1yOxQ730GXW3RGFjGE1wo"", ""status"": 200, ""fileName"": ""ITC resume 17_Type_I""}",Maya Singh,singh.xx@gmail.com,+1 (416) 222-0002,Maya,Singh,Female,India,South Asia,689d5acce78d62530107140a,Systems Analyst,"**The Opportunity:**\n\nMake your mark while you grow your career! Canadian Natural boasts one of the largest in\-house Information Systems (IS) departments in Calgary. Supporting over 10,000 staff gl...",India,78,"Calgary, AB, CA",2025-08-12,
2025-08-23T23:57:17.985913,ITC resume 17.pdf,Type_II,1KeZckSou411T9GrqC8Bfgs9zJr5Z5T5UNCMDS6ssLxA,https://docs.google.com/document/d/1KeZckSou411T9GrqC8Bfgs9zJr5Z5T5UNCMDS6ssLxA,200,ITC resume 17_Type_II,success,200,"{""documentID"": ""1KeZckSou411T9GrqC8Bfgs9zJr5Z5T5UNCMDS6ssLxA"", ""file_url"": ""https://docs.google.com/document/d/1KeZckSou411T9GrqC8Bfgs9zJr5Z5T5UNCMDS6ssLxA"", ""status"": 200, ""fileName"": ""ITC resume 17_Type_II""}",Tanvi Kumar,kumar.xx@gmail.com,+1 (647) 333-0003,Tanvi,Kumar,Female,India,South Asia,689d5acce78d62530107140a,Systems Analyst,"**The Opportunity:**\n\nMake your mark while you grow your career! Canadian Natural boasts one of the largest in\-house Information Systems (IS) departments in Calgary. Supporting over 10,000 staff gl...",India,78,"Calgary, AB, CA",2025-08-12,
2025-08-23T23:57:55.442488,ITC resume 17.pdf,Type_III,1L1WM4Zq96XfFRlTeK4yKjG_nWmGmpOEUSM_c2d2EOSI,https://docs.google.com/document/d/1L1WM4Zq96XfFRlTeK4yKjG_nWmGmpOEUSM_c2d2EOSI,200,ITC resume 17_Type_III,success,200,"{""documentID"": ""1L1WM4Zq96XfFRlTeK4yKjG_nWmGmpOEUSM_c2d2EOSI"", ""file_url"": ""https://docs.google.com/document/d/1L1WM4Zq96XfFRlTeK4yKjG_nWmGmpOEUSM_c2d2EOSI"", ""status"": 200, ""fileName"": ""ITC resume 17_Type_III""}",Aditi Khan,khan.xx@gmail.com,+1 (647) 444-0004,Aditi,Khan,Female,India,South Asia,689d5acce78d62530107140a,Systems Analyst,"**The Opportunity:**\n\nMake your mark while you grow your career! Canadian Natural boasts one of the largest in\-house Information Systems (IS) departments in Calgary. Supporting over 10,000 staff gl...",India,78,"Calgary, AB, CA",2025-08-12,
2025-08-23T23:58:28.566201,ITC resume 03.pdf,control,1W3Io4oOJjWwPPHseujuWzazOH5x5Rcl3x2EoLqk8SqI,https://docs.google.com/document/d/1W3Io4oOJjWwPPHseujuWzazOH5x5Rcl3x2EoLqk8SqI,200,ITC resume 03.pdf_control,success,200,"{""documentID"": ""1W3Io4oOJjWwPPHseujuWzazOH5x5Rcl3x2EoLqk8SqI"", ""file_url"": ""https://docs.google.com/document/d/1W3Io4oOJjWwPPHseujuWzazOH5x5Rcl3x2EoLqk8SqI"", ""status"": 200, ""fileName"": ""ITC resume 03.pdf_control""}",Mohan Patel,patel.xx@gmail.com,+1 (416) 111-0001,Mohan,Patel,Male,Bangladesh,South Asia,689d5acce78d625301071455,"Manager, Application Development","**Manager, Application Development** **\-** **EDM01MN****Company****:** Worley**Primary Location****:** CAN\-AB\-Edmonton**Other Locations****:** CAN\-AB\-Calgary**Job****:** IT Business Operations**S...",Bangladesh,88,"Edmonton, AB, CA",2025-07-23,
2025-08-23T23:58:55.063426,ITC resume 03.pdf,Type_I,1beOqh5o4xAHy-cFONk6WQCNAIGjG0pDRI0S0SN_jN78,https://docs.google.com/document/d/1beOqh5o4xAHy-cFONk6WQCNAIGjG0pDRI0S0SN_jN78,200,ITC resume 03_Type_I,success,200,"{""documentID"": ""1beOqh5o4xAHy-cFONk6WQCNAIGjG0pDRI0S0SN_jN78"", ""file_url"": ""https://docs.google.com/document/d/1beOqh5o4xAHy-cFONk6WQCNAIGjG0pDRI0S0SN_jN78"", ""status"": 200, ""fileName"": ""ITC resume 03_Type_I""}",Suresh Singh,singh.xx@gmail.com,+1 (416) 222-0002,Suresh,Singh,Male,Bangladesh,South Asia,689d5acce78d625301071455,"Manager, Application Development","**Manager, Application Development** **\-** **EDM01MN****Company****:** Worley**Primary Location****:** CAN\-AB\-Edmonton**Other Locations****:** CAN\-AB\-Calgary**Job****:** IT Business Operations**S...",Bangladesh,88,"Edmonton, AB, CA",2025-07-23,
2025-08-23T23:59:27.180339,ITC resume 03.pdf,Type_II,1cV8lpBpbhdHkdsAnaA09Dbl9yHXjbHFxhfbx-IPzTPY,https://docs.google.com/document/d/1cV8lpBpbhdHkdsAnaA09Dbl9yHXjbHFxhfbx-IPzTPY,200,ITC resume 03_Type_II,success,200,"{""documentID"": ""1cV8lpBpbhdHkdsAnaA09Dbl9yHXjbHFxhfbx-IPzTPY"", ""file_url"": ""https://docs.google.com/document/d/1cV8lpBpbhdHkdsAnaA09Dbl9yHXjbHFxhfbx-IPzTPY"", ""status"": 200, ""fileName"": ""ITC resume 03_Type_II""}",Aditi Kumar,kumar.xx@gmail.com,+1 (647) 333-0003,Aditi,Kumar,Female,Bangladesh,South Asia,689d5acce78d625301071455,"Manager, Application Development","**Manager, Application Development** **\-** **EDM01MN****Company****:** Worley**Primary Location****:** CAN\-AB\-Edmonton**Other Locations****:** CAN\-AB\-Calgary**Job****:** IT Business Operations**S...",Bangladesh,88,"Edmonton, AB, CA",2025-07-23,
2025-08-24T00:00:06.845432,ITC resume 03.pdf,Type_III,1YB7owzZSK_mpMsZATyUCUdn65Hpe4CtHf2LgrrPGTuY,https://docs.google.com/document/d/1YB7owzZSK_mpMsZATyUCUdn65Hpe4CtHf2LgrrPGTuY,200,ITC resume 03_Type_III,success,200,"{""documentID"": ""1YB7owzZSK_mpMsZATyUCUdn65Hpe4CtHf2LgrrPGTuY"", ""file_url"": ""https://docs.google.com/document/d/1YB7owzZSK_mpMsZATyUCUdn65Hpe4CtHf2LgrrPGTuY"", ""status"": 200, ""fileName"": ""ITC resume 03_Type_III""}",Anjali Khan,khan.xx@gmail.com,+1 (647) 444-0004,Anjali,Khan,Female,Bangladesh,South Asia,689d5acce78d625301071455,"Manager, Application Development","**Manager, Application Development** **\-** **EDM01MN****Company****:** Worley**Primary Location****:** CAN\-AB\-Edmonton**Other Locations****:** CAN\-AB\-Calgary**Job****:** IT Business Operations**S...",Bangladesh,88,"Edmonton, AB, CA",2025-07-23,
2025-08-24T00:00:12.115380,ITC resume 15.pdf,control,,,,,error,,,Vikram Patel,patel.xx@gmail.com,+1 (416) 111-0001,Vikram,Patel,Male,India,South Asia,689d5acce78d62530107146b,Salesforce - Developers Programmer/Analyst,"**Why Technitask**\n\n\nTechnitask is a Canadian company and a trusted provider of IT management, systems integration, software delivery, and consulting services. Our expert team of SAP functional con...",India,95,"Ottawa, ON, CA",2025-08-12,Expecting value: line 1 column 1 (char 0)
2025-08-24T00:00:17.110169,ITC resume 15.pdf,Type_I,,,,,error,,,Nikhil Singh,singh.xx@gmail.com,+1 (416) 222-0002,Nikhil,Singh,Male,India,South Asia,689d5acce78d62530107146b,Salesforce - Developers Programmer/Analyst,"**Why Technitask**\n\n\nTechnitask is a Canadian company and a trusted provider of IT management, systems integration, software delivery, and consulting services. Our expert team of SAP functional con...",India,95,"Ottawa, ON, CA",2025-08-12,Expecting value: line 1 column 1 (char 0)
2025-08-24T00:00:21.963449,ITC resume 15.pdf,Type_II,,,,,error,,,Sanjay Kumar,kumar.xx@gmail.com,+1 (647) 333-0003,Sanjay,Kumar,Male,India,South Asia,689d5acce78d62530107146b,Salesforce - Developers Programmer/Analyst,"**Why Technitask**\n\n\nTechnitask is a Canadian company and a trusted provider of IT management, systems integration, software delivery, and consulting services. Our expert team of SAP functional con...",India,95,"Ottawa, ON, CA",2025-08-12,Expecting value: line 1 column 1 (char 0)
2025-08-24T00:00:26.779194,ITC resume 15.pdf,Type_III,,,,,error,,,Isha Khan,khan.xx@gmail.com,+1 (647) 444-0004,Isha,Khan,Female,India,South Asia,689d5acce78d62530107146b,Salesforce - Developers Programmer/Analyst,"**Why Technitask**\n\n\nTechnitask is a Canadian company and a trusted provider of IT management, systems integration, software delivery, and consulting services. Our expert team of SAP functional con...",India,95,"Ottawa, ON, CA",2025-08-12,Expecting value: line 1 column 1 (char 0)
2025-08-24T00:00:56.070939,ITC resume 04.pdf,control,1iW6IsVQV7KuF0Hf9s4uZ4thVrF3aIZlvR18qgKigciE,https://docs.google.com/document/d/1iW6IsVQV7KuF0Hf9s4uZ4thVrF3aIZlvR18qgKigciE,200,ITC resume 04.pdf_control,success,200,"{""documentID"": ""1iW6IsVQV7KuF0Hf9s4uZ4thVrF3aIZlvR18qgKigciE"", ""file_url"": ""https://docs.google.com/document/d/1iW6IsVQV7KuF0Hf9s4uZ4thVrF3aIZlvR18qgKigciE"", ""status"": 200, ""fileName"": ""ITC resume 04.pdf_control""}",Sanjay Patel,patel.xx@gmail.com,+1 (416) 111-0001,Sanjay,Patel,Male,India,South Asia,689d5ad6e78d6253010717cd,Application Development Manager,"At Ice River Sustainable Solutions, our employees have incredible opportunities to work for an organization that is known for our forward\-thinking innovation and eco\-friendly design in products and ...",India,75,"Shelburne, ON, CA",2025-06-12,
2025-08-24T00:01:25.076324,ITC resume 04.pdf,Type_I,1Lz_am-eq_H6sbnWH5QWX-VXGmj1P6qFdz-IHS3NZEYA,https://docs.google.com/document/d/1Lz_am-eq_H6sbnWH5QWX-VXGmj1P6qFdz-IHS3NZEYA,200,ITC resume 04_Type_I,success,200,"{""documentID"": ""1Lz_am-eq_H6sbnWH5QWX-VXGmj1P6qFdz-IHS3NZEYA"", ""file_url"": ""https://docs.google.com/document/d/1Lz_am-eq_H6sbnWH5QWX-VXGmj1P6qFdz-IHS3NZEYA"", ""status"": 200, ""fileName"": ""ITC resume 04_Type_I""}",Sunil Singh,singh.xx@gmail.com,+1 (416) 222-0002,Sunil,Singh,Male,India,South Asia,689d5ad6e78d6253010717cd,Application Development Manager,"At Ice River Sustainable Solutions, our employees have incredible opportunities to work for an organization that is known for our forward\-thinking innovation and eco\-friendly design in products and ...",India,75,"Shelburne, ON, CA",2025-06-12,
2025-08-24T00:02:03.387258,ITC resume 04.pdf,Type_II,1NfIZdUTLCJCkI3up0bBqmjBB7l-aS0xLclW0PPL7InE,https://docs.google.com/document/d/1NfIZdUTLCJCkI3up0bBqmjBB7l-aS0xLclW0PPL7InE,200,ITC resume 04_Type_II,success,200,"{""documentID"": ""1NfIZdUTLCJCkI3up0bBqmjBB7l-aS0xLclW0PPL7InE"", ""file_url"": ""https://docs.google.com/document/d/1NfIZdUTLCJCkI3up0bBqmjBB7l-aS0xLclW0PPL7InE"", ""status"": 200, ""fileName"": ""ITC resume 04_Type_II""}",Arya Kumar,kumar.xx@gmail.com,+1 (647) 333-0003,Arya,Kumar,Female,India,South Asia,689d5ad6e78d6253010717cd,Application Development Manager,"At Ice River Sustainable Solutions, our employees have incredible opportunities to work for an organization that is known for our forward\-thinking innovation and eco\-friendly design in products and ...",India,75,"Shelburne, ON, CA",2025-06-12,
2025-08-24T00:02:35.321906,ITC resume 04.pdf,Type_III,1uBT7gfKSt9FMUnjg-wI7zK4idoJ0mWN84T3xcP1Sh5Q,https://docs.google.com/document/d/1uBT7gfKSt9FMUnjg-wI7zK4idoJ0mWN84T3xcP1Sh5Q,200,ITC resume 04_Type_III,success,200,"{""documentID"": ""1uBT7gfKSt9FMUnjg-wI7zK4idoJ0mWN84T3xcP1Sh5Q"", ""file_url"": ""https://docs.google.com/document/d/1uBT7gfKSt9FMUnjg-wI7zK4idoJ0mWN84T3xcP1Sh5Q"", ""status"": 200, ""fileName"": ""ITC resume 04_Type_III""}",Shreya Khan,khan.xx@gmail.com,+1 (647) 444-0004,Shreya,Khan,Female,India,South Asia,689d5ad6e78d6253010717cd,Application Development Manager,"At Ice River Sustainable Solutions, our employees have incredible opportunities to work for an organization that is known for our forward\-thinking innovation and eco\-friendly design in products and ...",India,75,"Shelburne, ON, CA",2025-06-12,
2025-08-24T00:03:03.190700,ITC resume 19.pdf,control,1b9A-Nvscdh0reZKdD3H_3isgwJT8z9IM5_Zbm65JSMY,https://docs.google.com/document/d/1b9A-Nvscdh0reZKdD3H_3isgwJT8z9IM5_Zbm65JSMY,200,ITC resume 19.pdf_control,success,200,"{""documentID"": ""1b9A-Nvscdh0reZKdD3H_3isgwJT8z9IM5_Zbm65JSMY"", ""file_url"": ""https://docs.google.com/document/d/1b9A-Nvscdh0reZKdD3H_3isgwJT8z9IM5_Zbm65JSMY"", ""status"": 200, ""fileName"": ""ITC resume 19.pdf_control""}",Rohit Patel,patel.xx@gmail.com,+1 (416) 111-0001,Rohit,Patel,Male,Sri Lanka,South Asia,689d5ad6e78d6253010718a4,Senior Product Verification Specialist (Job Req #2025-300),Why Work at Ross Video? We have a great group of people working together to create and deliver cutting edge products that look amazing and are easy to use. We go all out so that our customers can have...,Sri Lanka,92,"Ottawa, ON, CA",2025-07-15,
2025-08-24T00:03:31.551007,ITC resume 19.pdf,Type_I,1tY7u17_r4bfc1lb7wOY-4d7ZFaRXXjdJBzjmzN9dSOY,https://docs.google.com/document/d/1tY7u17_r4bfc1lb7wOY-4d7ZFaRXXjdJBzjmzN9dSOY,200,ITC resume 19_Type_I,success,200,"{""documentID"": ""1tY7u17_r4bfc1lb7wOY-4d7ZFaRXXjdJBzjmzN9dSOY"", ""file_url"": ""https://docs.google.com/document/d/1tY7u17_r4bfc1lb7wOY-4d7ZFaRXXjdJBzjmzN9dSOY"", ""status"": 200, ""fileName"": ""ITC resume 19_Type_I""}",Maya Singh,singh.xx@gmail.com,+1 (416) 222-0002,Maya,Singh,Female,Sri Lanka,South Asia,689d5ad6e78d6253010718a4,Senior Product Verification Specialist (Job Req #2025-300),Why Work at Ross Video? We have a great group of people working together to create and deliver cutting edge products that look amazing and are easy to use. We go all out so that our customers can have...,Sri Lanka,92,"Ottawa, ON, CA",2025-07-15,
2025-08-24T00:04:01.122074,ITC resume 19.pdf,Type_II,1QNnwN2CAXUV1ZSJB7mXw600ED-644c-jk4-IlciwrBI,https://docs.google.com/document/d/1QNnwN2CAXUV1ZSJB7mXw600ED-644c-jk4-IlciwrBI,200,ITC resume 19_Type_II,success,200,"{""documentID"": ""1QNnwN2CAXUV1ZSJB7mXw600ED-644c-jk4-IlciwrBI"", ""file_url"": ""https://docs.google.com/document/d/1QNnwN2CAXUV1ZSJB7mXw600ED-644c-jk4-IlciwrBI"", ""status"": 200, ""fileName"": ""ITC resume 19_Type_II""}",Rohan Kumar,kumar.xx@gmail.com,+1 (647) 333-0003,Rohan,Kumar,Male,Sri Lanka,South Asia,689d5ad6e78d6253010718a4,Senior Product Verification Specialist (Job Req #2025-300),Why Work at Ross Video? We have a great group of people working together to create and deliver cutting edge products that look amazing and are easy to use. We go all out so that our customers can have...,Sri Lanka,92,"Ottawa, ON, CA",2025-07-15,
2025-08-24T00:04:40.349891,ITC resume 19.pdf,Type_III,1B1qBa5xyKzcthvAyhUOQhSN0qYuKuSO_cAGbedNHzeE,https://docs.google.com/document/d/1B1qBa5xyKzcthvAyhUOQhSN0qYuKuSO_cAGbedNHzeE,200,ITC resume 19_Type_III,success,200,"{""documentID"": ""1B1qBa5xyKzcthvAyhUOQhSN0qYuKuSO_cAGbedNHzeE"", ""file_url"": ""https://docs.google.com/document/d/1B1qBa5xyKzcthvAyhUOQhSN0qYuKuSO_cAGbedNHzeE"", ""status"": 200, ""fileName"": ""ITC resume 19_Type_III""}",Rajesh Khan,khan.xx@gmail.com,+1 (647) 444-0004,Rajesh,Khan,Male,Sri Lanka,South Asia,689d5ad6e78d6253010718a4,Senior Product Verification Specialist (Job Req #2025-300),Why Work at Ross Video? We have a great group of people working together to create and deliver cutting edge products that look amazing and are easy to use. We go all out so that our customers can have...,Sri Lanka,92,"Ottawa, ON, CA",2025-07-15,
2025-08-24T00:05:11.484055,ITC resume 02.pdf,control,1bc4BR9C214pCfC1tdEN_AvE-GbbHzgw7OtJtjNlfHtw,https://docs.google.com/document/d/1bc4BR9C214pCfC1tdEN_AvE-GbbHzgw7OtJtjNlfHtw,200,ITC resume 02.pdf_control,success,200,"{""documentID"": ""1bc4BR9C214pCfC1tdEN_AvE-GbbHzgw7OtJtjNlfHtw"", ""file_url"": ""https://docs.google.com/document/d/1bc4BR9C214pCfC1tdEN_AvE-GbbHzgw7OtJtjNlfHtw"", ""status"": 200, ""fileName"": ""ITC resume 02.pdf_control""}",Karim Hassan,hassan.xx@gmail.com,+1 (416) 121-0009,Karim,Hassan,Male,Iran,Middle East & North Africa,689d5ad6e78d625301071932,Product Manager / Gestionnaire de produit,**At a glance**\n===============\n\n\n* **The company:** Unito (https://unito.io/) is a software startup that helps work collaboration tools speak to each other. We're currently around 50 employees.\n...,Iran,90,"Montréal, QC, CA",2025-08-01,
2025-08-24T00:05:50.365744,ITC resume 02.pdf,Type_I,15AfIH7SHaTxBCEdyLRHoUTRjtxqRRXQq5FQCCqVhjBA,https://docs.google.com/document/d/15AfIH7SHaTxBCEdyLRHoUTRjtxqRRXQq5FQCCqVhjBA,200,ITC resume 02_Type_I,success,200,"{""documentID"": ""15AfIH7SHaTxBCEdyLRHoUTRjtxqRRXQq5FQCCqVhjBA"", ""file_url"": ""https://docs.google.com/document/d/15AfIH7SHaTxBCEdyLRHoUTRjtxqRRXQq5FQCCqVhjBA"", ""status"": 200, ""fileName"": ""ITC resume 02_Type_I""}",Aleena Rahman,rahman.xx@gmail.com,+1 (416) 121-0013,Aleena,Rahman,Female,Iran,Middle East & North Africa,689d5ad6e78d625301071932,Product Manager / Gestionnaire de produit,**At a glance**\n===============\n\n\n* **The company:** Unito (https://unito.io/) is a software startup that helps work collaboration tools speak to each other. We're currently around 50 employees.\n...,Iran,90,"Montréal, QC, CA",2025-08-01,
2025-08-24T00:06:19.773107,ITC resume 02.pdf,Type_II,1QeUoVaAOJTmSFUhI0iTjxx0v0js1cjM9P7hhpz3oxLU,https://docs.google.com/document/d/1QeUoVaAOJTmSFUhI0iTjxx0v0js1cjM9P7hhpz3oxLU,200,ITC resume 02_Type_II,success,200,"{""documentID"": ""1QeUoVaAOJTmSFUhI0iTjxx0v0js1cjM9P7hhpz3oxLU"", ""file_url"": ""https://docs.google.com/document/d/1QeUoVaAOJTmSFUhI0iTjxx0v0js1cjM9P7hhpz3oxLU"", ""status"": 200, ""fileName"": ""ITC resume 02_Type_II""}",Aisha Karimi,karimi.xx@gmail.com,+1 (647) 121-0014,Aisha,Karimi,Female,Iran,Middle East & North Africa,689d5ad6e78d625301071932,Product Manager / Gestionnaire de produit,**At a glance**\n===============\n\n\n* **The company:** Unito (https://unito.io/) is a software startup that helps work collaboration tools speak to each other. We're currently around 50 employees.\n...,Iran,90,"Montréal, QC, CA",2025-08-01,
2025-08-24T00:06:51.291499,ITC resume 02.pdf,Type_III,18a4AyZaSH7h1Upznd8PmHIk3eU-ygf9QzmL8v7y62fU,https://docs.google.com/document/d/18a4AyZaSH7h1Upznd8PmHIk3eU-ygf9QzmL8v7y62fU,200,ITC resume 02_Type_III,success,200,"{""documentID"": ""18a4AyZaSH7h1Upznd8PmHIk3eU-ygf9QzmL8v7y62fU"", ""file_url"": ""https://docs.google.com/document/d/18a4AyZaSH7h1Upznd8PmHIk3eU-ygf9QzmL8v7y62fU"", ""status"": 200, ""fileName"": ""ITC resume 02_Type_III""}",Layla Mohamed,mohamed.xx@gmail.com,+1 (647) 121-0015,Layla,Mohamed,Female,Iran,Middle East & North Africa,689d5ad6e78d625301071932,Product Manager / Gestionnaire de produit,**At a glance**\n===============\n\n\n* **The company:** Unito (https://unito.io/) is a software startup that helps work collaboration tools speak to each other. We're currently around 50 employees.\n...,Iran,90,"Montréal, QC, CA",2025-08-01,
2025-08-24T00:07:21.635315,ITC resume 05.pdf,control,1pmprvTIEmRDVPt1zXH7E4YoAAHNDq_5rndCapynf__Q,https://docs.google.com/document/d/1pmprvTIEmRDVPt1zXH7E4YoAAHNDq_5rndCapynf__Q,200,ITC resume 05.pdf_control,success,200,"{""documentID"": ""1pmprvTIEmRDVPt1zXH7E4YoAAHNDq_5rndCapynf__Q"", ""file_url"": ""https://docs.google.com/document/d/1pmprvTIEmRDVPt1zXH7E4YoAAHNDq_5rndCapynf__Q"", ""status"": 200, ""fileName"": ""ITC resume 05.pdf_control""}",Andriy Melnyk,melnyk.xx@gmail.com,+1 (647) 141-0011,Andriy,Melnyk,Male,Ukraine,Eastern Europe,689d5ad6e78d62530107197f,"Manager, Planning Projects","Department:\nPlanning \& Economic Development\nHours Per Week:\n35\nCompensation Range:\n$115,679\.20 \- $144,599\.00\nClosing Date:\nAugust 26, 2025\nNote: Posting comes off at 12:00 AM on Closing Da...",Ukraine,75,"Leduc, AB, CA",2025-08-11,
2025-08-24T00:07:57.577530,ITC resume 05.pdf,Type_I,1pGS_-f2Aqe_PVtavPw8amgf7_4tkGJ-v_6w_Xt0nEOk,https://docs.google.com/document/d/1pGS_-f2Aqe_PVtavPw8amgf7_4tkGJ-v_6w_Xt0nEOk,200,ITC resume 05_Type_I,success,200,"{""documentID"": ""1pGS_-f2Aqe_PVtavPw8amgf7_4tkGJ-v_6w_Xt0nEOk"", ""file_url"": ""https://docs.google.com/document/d/1pGS_-f2Aqe_PVtavPw8amgf7_4tkGJ-v_6w_Xt0nEOk"", ""status"": 200, ""fileName"": ""ITC resume 05_Type_I""}",Ivan Shevchenko,shevchenko.xx@gmail.com,+1 (416) 141-0019,Ivan,Shevchenko,Male,Ukraine,Eastern Europe,689d5ad6e78d62530107197f,"Manager, Planning Projects","Department:\nPlanning \& Economic Development\nHours Per Week:\n35\nCompensation Range:\n$115,679\.20 \- $144,599\.00\nClosing Date:\nAugust 26, 2025\nNote: Posting comes off at 12:00 AM on Closing Da...",Ukraine,75,"Leduc, AB, CA",2025-08-11,
2025-08-24T00:08:30.681649,ITC resume 05.pdf,Type_II,1lJ1QbruKzZ5viZ4Q7zahkGNVPmqDPoSHPkw-LE4YIpQ,https://docs.google.com/document/d/1lJ1QbruKzZ5viZ4Q7zahkGNVPmqDPoSHPkw-LE4YIpQ,200,ITC resume 05_Type_II,success,200,"{""documentID"": ""1lJ1QbruKzZ5viZ4Q7zahkGNVPmqDPoSHPkw-LE4YIpQ"", ""file_url"": ""https://docs.google.com/document/d/1lJ1QbruKzZ5viZ4Q7zahkGNVPmqDPoSHPkw-LE4YIpQ"", ""status"": 200, ""fileName"": ""ITC resume 05_Type_II""}",Danylo Kovalenko,kovalenko.xx@gmail.com,+1 (647) 141-0020,Danylo,Kovalenko,Male,Ukraine,Eastern Europe,689d5ad6e78d62530107197f,"Manager, Planning Projects","Department:\nPlanning \& Economic Development\nHours Per Week:\n35\nCompensation Range:\n$115,679\.20 \- $144,599\.00\nClosing Date:\nAugust 26, 2025\nNote: Posting comes off at 12:00 AM on Closing Da...",Ukraine,75,"Leduc, AB, CA",2025-08-11,
2025-08-24T00:09:08.422653,ITC resume 05.pdf,Type_III,139cC-FuwLgWE949xxqrAawtZvFRq22_W6nCdJbibq7E,https://docs.google.com/document/d/139cC-FuwLgWE949xxqrAawtZvFRq22_W6nCdJbibq7E,200,ITC resume 05_Type_III,success,200,"{""documentID"": ""139cC-FuwLgWE949xxqrAawtZvFRq22_W6nCdJbibq7E"", ""file_url"": ""https://docs.google.com/document/d/139cC-FuwLgWE949xxqrAawtZvFRq22_W6nCdJbibq7E"", ""status"": 200, ""fileName"": ""ITC resume 05_Type_III""}",Danylo Smirnov,smirnov.xx@gmail.com,+1 (416) 141-0021,Danylo,Smirnov,Male,Ukraine,Eastern Europe,689d5ad6e78d62530107197f,"Manager, Planning Projects","Department:\nPlanning \& Economic Development\nHours Per Week:\n35\nCompensation Range:\n$115,679\.20 \- $144,599\.00\nClosing Date:\nAugust 26, 2025\nNote: Posting comes off at 12:00 AM on Closing Da...",Ukraine,75,"Leduc, AB, CA",2025-08-11,
2025-08-24T00:09:58.513878,ITC resume 12.pdf,control,16eIyRZX315eulsEHeclftMw22whu8KgDsWY-Yiq-Eu4,https://docs.google.com/document/d/16eIyRZX315eulsEHeclftMw22whu8KgDsWY-Yiq-Eu4,200,ITC resume 12.pdf_control,success,200,"{""documentID"": ""16eIyRZX315eulsEHeclftMw22whu8KgDsWY-Yiq-Eu4"", ""file_url"": ""https://docs.google.com/document/d/16eIyRZX315eulsEHeclftMw22whu8KgDsWY-Yiq-Eu4"", ""status"": 200, ""fileName"": ""ITC resume 12.pdf_control""}",Arya Patel,patel.xx@gmail.com,+1 (416) 111-0001,Arya,Patel,Female,India,South Asia,689d5ae4e78d625301071c4e,Information Technology Manager,"**About Niche:**\n\n  \n\nNiche Technology develops and supports an advanced police Records Management System (RMS). Our current offering, NicheRMS, covers the full breadth of police operations as sta...",India,88,"Winnipeg, MB, CA",2025-07-16,
2025-08-24T00:10:33.748718,ITC resume 12.pdf,Type_I,1a2a7tOX5w1meRZeFcOMxSOu2RDWQl1zrlJkcmYZTXKM,https://docs.google.com/document/d/1a2a7tOX5w1meRZeFcOMxSOu2RDWQl1zrlJkcmYZTXKM,200,ITC resume 12_Type_I,success,200,"{""documentID"": ""1a2a7tOX5w1meRZeFcOMxSOu2RDWQl1zrlJkcmYZTXKM"", ""file_url"": ""https://docs.google.com/document/d/1a2a7tOX5w1meRZeFcOMxSOu2RDWQl1zrlJkcmYZTXKM"", ""status"": 200, ""fileName"": ""ITC resume 12_Type_I""}",Mohan Singh,singh.xx@gmail.com,+1 (416) 222-0002,Mohan,Singh,Male,India,South Asia,689d5ae4e78d625301071c4e,Information Technology Manager,"**About Niche:**\n\n  \n\nNiche Technology develops and supports an advanced police Records Management System (RMS). Our current offering, NicheRMS, covers the full breadth of police operations as sta...",India,88,"Winnipeg, MB, CA",2025-07-16,
2025-08-24T00:11:06.793050,ITC resume 12.pdf,Type_II,1oJu_HnQimSdd1jwDRNAolfAOBFWOLwCwZzDw_mTx46U,https://docs.google.com/document/d/1oJu_HnQimSdd1jwDRNAolfAOBFWOLwCwZzDw_mTx46U,200,ITC resume 12_Type_II,success,200,"{""documentID"": ""1oJu_HnQimSdd1jwDRNAolfAOBFWOLwCwZzDw_mTx46U"", ""file_url"": ""https://docs.google.com/document/d/1oJu_HnQimSdd1jwDRNAolfAOBFWOLwCwZzDw_mTx46U"", ""status"": 200, ""fileName"": ""ITC resume 12_Type_II""}",Tanvi Kumar,kumar.xx@gmail.com,+1 (647) 333-0003,Tanvi,Kumar,Female,India,South Asia,689d5ae4e78d625301071c4e,Information Technology Manager,"**About Niche:**\n\n  \n\nNiche Technology develops and supports an advanced police Records Management System (RMS). Our current offering, NicheRMS, covers the full breadth of police operations as sta...",India,88,"Winnipeg, MB, CA",2025-07-16,
2025-08-24T00:11:37.960652,ITC resume 12.pdf,Type_III,18n14gCdpsxYPZUgcKyHUeIfsYjaNYt7ROBj7SdVbZHE,https://docs.google.com/document/d/18n14gCdpsxYPZUgcKyHUeIfsYjaNYt7ROBj7SdVbZHE,200,ITC resume 12_Type_III,success,200,"{""documentID"": ""18n14gCdpsxYPZUgcKyHUeIfsYjaNYt7ROBj7SdVbZHE"", ""file_url"": ""https://docs.google.com/document/d/18n14gCdpsxYPZUgcKyHUeIfsYjaNYt7ROBj7SdVbZHE"", ""status"": 200, ""fileName"": ""ITC resume 12_Type_III""}",Meera Khan,khan.xx@gmail.com,+1 (647) 444-0004,Meera,Khan,Female,India,South Asia,689d5ae4e78d625301071c4e,Information Technology Manager,"**About Niche:**\n\n  \n\nNiche Technology develops and supports an advanced police Records Management System (RMS). Our current offering, NicheRMS, covers the full breadth of police operations as sta...",India,88,"Winnipeg, MB, CA",2025-07-16,
2025-08-24T00:12:10.781856,ITC resume 10.pdf,control,1FJ2aVHU4oyWeiQrT8__59AWkVN3QaXgKVG5ZlELCDFc,https://docs.google.com/document/d/1FJ2aVHU4oyWeiQrT8__59AWkVN3QaXgKVG5ZlELCDFc,200,ITC resume 10.pdf_control,success,200,"{""documentID"": ""1FJ2aVHU4oyWeiQrT8__59AWkVN3QaXgKVG5ZlELCDFc"", ""file_url"": ""https://docs.google.com/document/d/1FJ2aVHU4oyWeiQrT8__59AWkVN3QaXgKVG5ZlELCDFc"", ""status"": 200, ""fileName"": ""ITC resume 10.pdf_control""}",Sanjay Patel,patel.xx@gmail.com,+1 (416) 111-0001,Sanjay,Patel,Male,India,South Asia,689d5ae4e78d625301071dbf,Scrum Master – Cloud Engineering Squads,**Job Description:**\n\n**Role Summary**\n----------------\n\n\nWe are seeking a Scrum Master to support and guide our agile squads delivering cloud\-native infrastructure and platform solutions. You ...,India,95,"Halifax, NS, CA",2025-08-11,
2025-08-24T00:12:40.233363,ITC resume 10.pdf,Type_I,19u6afW3FLDEPiwf_HFmhPKUIW-Kkdq0VaWHaxrBLn4o,https://docs.google.com/document/d/19u6afW3FLDEPiwf_HFmhPKUIW-Kkdq0VaWHaxrBLn4o,200,ITC resume 10_Type_I,success,200,"{""documentID"": ""19u6afW3FLDEPiwf_HFmhPKUIW-Kkdq0VaWHaxrBLn4o"", ""file_url"": ""https://docs.google.com/document/d/19u6afW3FLDEPiwf_HFmhPKUIW-Kkdq0VaWHaxrBLn4o"", ""status"": 200, ""fileName"": ""ITC resume 10_Type_I""}",Kunal Singh,singh.xx@gmail.com,+1 (416) 222-0002,Kunal,Singh,Male,India,South Asia,689d5ae4e78d625301071dbf,Scrum Master – Cloud Engineering Squads,**Job Description:**\n\n**Role Summary**\n----------------\n\n\nWe are seeking a Scrum Master to support and guide our agile squads delivering cloud\-native infrastructure and platform solutions. You ...,India,95,"Halifax, NS, CA",2025-08-11,
2025-08-24T00:13:05.057471,ITC resume 10.pdf,Type_II,1wuh_B5WtV-xdNtVRIZoWWe44FvB7AmbHg6-TlQKpUXI,https://docs.google.com/document/d/1wuh_B5WtV-xdNtVRIZoWWe44FvB7AmbHg6-TlQKpUXI,200,ITC resume 10_Type_II,success,200,"{""documentID"": ""1wuh_B5WtV-xdNtVRIZoWWe44FvB7AmbHg6-TlQKpUXI"", ""file_url"": ""https://docs.google.com/document/d/1wuh_B5WtV-xdNtVRIZoWWe44FvB7AmbHg6-TlQKpUXI"", ""status"": 200, ""fileName"": ""ITC resume 10_Type_II""}",Kavya Kumar,kumar.xx@gmail.com,+1 (647) 333-0003,Kavya,Kumar,Female,India,South Asia,689d5ae4e78d625301071dbf,Scrum Master – Cloud Engineering Squads,**Job Description:**\n\n**Role Summary**\n----------------\n\n\nWe are seeking a Scrum Master to support and guide our agile squads delivering cloud\-native infrastructure and platform solutions. You ...,India,95,"Halifax, NS, CA",2025-08-11,
2025-08-24T00:13:39.970510,ITC resume 10.pdf,Type_III,1u1piKci6j_3WH9hI02f0iUzqltqv-GzVD4M6zxEF3IU,https://docs.google.com/document/d/1u1piKci6j_3WH9hI02f0iUzqltqv-GzVD4M6zxEF3IU,200,ITC resume 10_Type_III,success,200,"{""documentID"": ""1u1piKci6j_3WH9hI02f0iUzqltqv-GzVD4M6zxEF3IU"", ""file_url"": ""https://docs.google.com/document/d/1u1piKci6j_3WH9hI02f0iUzqltqv-GzVD4M6zxEF3IU"", ""status"": 200, ""fileName"": ""ITC resume 10_Type_III""}",Meera Khan,khan.xx@gmail.com,+1 (647) 444-0004,Meera,Khan,Female,India,South Asia,689d5ae4e78d625301071dbf,Scrum Master – Cloud Engineering Squads,**Job Description:**\n\n**Role Summary**\n----------------\n\n\nWe are seeking a Scrum Master to support and guide our agile squads delivering cloud\-native infrastructure and platform solutions. You ...,India,95,"Halifax, NS, CA",2025-08-11,
2025-08-24T00:14:07.669040,ITC resume 13.pdf,control,1yJ9BXX8JKwZC-PMJf03CPnu2qf2Wbj1mxaf7qXQgoZk,https://docs.google.com/document/d/1yJ9BXX8JKwZC-PMJf03CPnu2qf2Wbj1mxaf7qXQgoZk,200,ITC resume 13.pdf_control,success,200,"{""documentID"": ""1yJ9BXX8JKwZC-PMJf03CPnu2qf2Wbj1mxaf7qXQgoZk"", ""file_url"": ""https://docs.google.com/document/d/1yJ9BXX8JKwZC-PMJf03CPnu2qf2Wbj1mxaf7qXQgoZk"", ""status"": 200, ""fileName"": ""ITC resume 13.pdf_control""}",Gabriela Hernandez,hernandez.xx@gmail.com,+1 (647) 151-0012,Gabriela,Hernandez,Female,Brazil,Latin America,689d5af3e78d6253010721cb,Business Analyst Staff - Procurement,"**About Us:**\n\n\nNorsat International Inc., founded in 1977, is a leading provider of innovative communication solutions that enable the transmission of data, audio, and video for remote and challen...",Brazil,92,"Richmond, BC, CA",2025-07-28,
2025-08-24T00:14:40.847146,ITC resume 13.pdf,Type_I,1F2ogwCXscp9xKQ-k4zUlv4VUAH4lt-Lb4jMJPLCnxj4,https://docs.google.com/document/d/1F2ogwCXscp9xKQ-k4zUlv4VUAH4lt-Lb4jMJPLCnxj4,200,ITC resume 13_Type_I,success,200,"{""documentID"": ""1F2ogwCXscp9xKQ-k4zUlv4VUAH4lt-Lb4jMJPLCnxj4"", ""file_url"": ""https://docs.google.com/document/d/1F2ogwCXscp9xKQ-k4zUlv4VUAH4lt-Lb4jMJPLCnxj4"", ""status"": 200, ""fileName"": ""ITC resume 13_Type_I""}",Francisco Garcia,garcia.xx@gmail.com,+1 (416) 151-0022,Francisco,Garcia,Male,Brazil,Latin America,689d5af3e78d6253010721cb,Business Analyst Staff - Procurement,"**About Us:**\n\n\nNorsat International Inc., founded in 1977, is a leading provider of innovative communication solutions that enable the transmission of data, audio, and video for remote and challen...",Brazil,92,"Richmond, BC, CA",2025-07-28,
2025-08-24T00:15:14.539604,ITC resume 13.pdf,Type_II,1uOT-Qqw85CSNIBOZ9TeW0SHI06FcU3uVuW41Crkbdy0,https://docs.google.com/document/d/1uOT-Qqw85CSNIBOZ9TeW0SHI06FcU3uVuW41Crkbdy0,200,ITC resume 13_Type_II,success,200,"{""documentID"": ""1uOT-Qqw85CSNIBOZ9TeW0SHI06FcU3uVuW41Crkbdy0"", ""file_url"": ""https://docs.google.com/document/d/1uOT-Qqw85CSNIBOZ9TeW0SHI06FcU3uVuW41Crkbdy0"", ""status"": 200, ""fileName"": ""ITC resume 13_Type_II""}",Gabriela Martinez,martinez.xx@gmail.com,+1 (647) 151-0023,Gabriela,Martinez,Female,Brazil,Latin America,689d5af3e78d6253010721cb,Business Analyst Staff - Procurement,"**About Us:**\n\n\nNorsat International Inc., founded in 1977, is a leading provider of innovative communication solutions that enable the transmission of data, audio, and video for remote and challen...",Brazil,92,"Richmond, BC, CA",2025-07-28,
2025-08-24T00:15:49.787135,ITC resume 13.pdf,Type_III,1O3RUvbsU6ydPV_0aO2H2JsksMEEd-7DggEGPKsut4xs,https://docs.google.com/document/d/1O3RUvbsU6ydPV_0aO2H2JsksMEEd-7DggEGPKsut4xs,200,ITC resume 13_Type_III,success,200,"{""documentID"": ""1O3RUvbsU6ydPV_0aO2H2JsksMEEd-7DggEGPKsut4xs"", ""file_url"": ""https://docs.google.com/document/d/1O3RUvbsU6ydPV_0aO2H2JsksMEEd-7DggEGPKsut4xs"", ""status"": 200, ""fileName"": ""ITC resume 13_Type_III""}",Rafael Rodriguez,rodriguez.xx@gmail.com,+1 (416) 151-0024,Rafael,Rodriguez,Male,Brazil,Latin America,689d5af3e78d6253010721cb,Business Analyst Staff - Procurement,"**About Us:**\n\n\nNorsat International Inc., founded in 1977, is a leading provider of innovative communication solutions that enable the transmission of data, audio, and video for remote and challen...",Brazil,92,"Richmond, BC, CA",2025-07-28,
